data,seed,mercato,keyword,domanda,concorrenza,opportunita,note
2026-08-25,crescita personale,IT,finanza personale per principianti,Media,Media,🟡,tema sempre richiesto
2026-08-25,ricette e cucina,IT,ricettario vuoto da compilare,Media,Media,🟡,low-content ma serve angolo specifico
2026-08-25,ricette e cucina,IT,ricette friggitrice ad aria,Alta,Alta,🔴,saturissimo
2026-08-25,attività per bambini,IT,quaderno prescrittura pregrafismo,Alta,Alta,🔴,affollatissimo
2026-08-25,attività per bambini,IT,attività con la CAA comunicazione aumentativa,Media,Media,🟢,nicchia specialistica
2026-08-25,fitness e dimagrimento,IT,allenamento a casa senza attrezzi 30 giorni,Alta,Alta,🔴,tema battuto
2026-08-25,hobby e manualità,IT,diario di giardinaggio,Media,Media,🟡,diversi player ma nessuno dominante; serve angolo (orto bio/balcone)
2026-08-25,hobby e manualità,EN,gardening journal log book,Alta,Alta,🔴,mercato saturo con editori affermati (Paige Tate & Co e altri)
2026-08-25,rimedi naturali e salute,IT,rimedi naturali per dormire / il sonno,Media,Bassa,🟢,pochi titoli dedicati recenti in IT, nessun autore affermato
2026-08-25,rimedi naturali e salute,EN,herbal remedies for sleep,Alta,Alta,🔴,saturo, autori affermati (Maria Noel Groves, David Hoffmann)
2026-08-25,planner e agende,IT,diario di gratitudine,Alta,Media,🟡,Papeterie Bleu domina ma spazio per angoli specifici
2026-08-25,planner e agende,EN,gratitude journal,Alta,Alta,🔴,categoria dedicata affollatissima, editori affermati (Insight Editions)
2026-08-25,planner e agende,IT,planner budget mensile,Media,Media,🟡,prodotti abbastanza generici, spazio per angolo specifico (freelance/famiglie)
2026-08-25,planner e agende,EN,budget planner,Alta,Alta,🔴,categoria dedicata satura, editore reale (Sourcebooks)
2026-08-26,meditazione e spiritualità,IT,diario di meditazione quotidiana,Media,Alta,🟡,~8 prodotti simili self-pub minori nessun dominante ma generico
2026-08-26,meditazione e spiritualità,EN,guided meditation journal for anxiety,Alta,Alta,🔴,decine di log book quasi identici nicchia matura
2026-08-26,animali domestici,IT,diario salute e addestramento cucciolo,Media,Bassa,🟢,pochi log dedicati resto guide generiche o datate 2013
2026-08-26,animali domestici,EN,dog training log book / pet health record book,Alta,Alta,🔴,tanti log concorrenti publisher ricorrente Cartba
2026-08-26,matrimoni ed eventi,IT,agenda matrimonio da compilare / budget matrimonio,Alta,Alta,🔴,prodotti ricorrenti gia affermati Diario Del Matrimonio Reindl
2026-08-26,matrimoni ed eventi,EN,wedding planner checklist / budget wedding planner organizer,Alta,Alta,🔴,nicchia matura player consolidati The Knot Ella Dawn Creations
2026-08-26,narrativa romance,IT,romantasy / cozy fantasy romance (rom-com fantasy matrimonio combinato streghe cozy),Alta,Bassa,🟢,pochi titoli nativi italiani per lo piu traduzioni trend internazionale fortissimo non ancora saturo in IT
2026-08-26,narrativa romance,EN,cozy fantasy romance,Alta,Alta,🔴,categoria dedicata ufficiale su amazon.com decine di titoli autori affermati nicchia matura
2026-08-26,narrativa fantasy,IT,fantasy con accademia magica (academy fantasy romance),Alta,Media,🟡,3-4 titoli dedicati nessuno chiaramente dominante
2026-08-26,narrativa fantasy,EN,academy romance / fantasy academy romance,Alta,Alta,🔴,decine di serie consolidate Zodiac Academy Firestone Academy Aurelith Academy
2026-08-26,viaggi,IT,diario di viaggio da compilare,Media,Alta,🔴,molti prodotti quasi identici anche per singola destinazione
2026-08-26,viaggi,EN,travel journal log book,Alta,Alta,🔴,decine di log book quasi intercambiabili nessuno spazio libero
2026-08-27,finanza personale,IT,kakebo diario di bilancio giapponese risparmio,Alta,Alta,🔴,mercato maturo saturo tanti editori simili attivi da anni (Sambubooks EMMECI Feem Kokua)
2026-08-27,finanza personale,EN,kakeibo budget journal,Alta,Alta,🔴,saturo presente anche edizione editoriale ufficiale (Fumiko Chiba Penguin)
2026-08-27,finanza personale,IT,libro sfida risparmio 52 settimane,Media,Bassa,🟢,ricerca dominata da raccoglitori fisici con buste nessun libro KDP dedicato trovato da validare preferenza formato
2026-08-27,finanza personale,EN,52 week money saving challenge tracker,Alta,Alta,🔴,decine di libri KDP quasi identici nicchia matura
2026-08-27,scuola e compiti,IT,agenda/tracker compiti bambini con caselle da spuntare,Media,Bassa,🟢,pochi libri KDP dedicati al format specifico per lo più agende generiche o strumenti autismo/ADHD
2026-08-27,scuola e compiti,EN,homework tracker checklist elementary kids,Alta,Alta,🔴,tantissimi publisher dedicati (Rosey Raindrops Hompnn Press Rony Book) nicchia matura
2026-08-27,scuola e compiti,IT,planner/diario scolastico per ADHD e DSA,Media,Bassa,🟢,pochi titoli specifici pubblicati di recente 2025/2026 nicchia emergente angolo gamification poco sfruttato
2026-08-27,scuola e compiti,EN,homework planner for ADHD students,Alta,Alta,🔴,decine di publisher dedicati (Focus Nest Bernel Sahila AXAM Bright Desk) nicchia matura consolidata
2026-08-31,crescita personale,IT,guida pratica reset dopamina ed esercizi detox digitale,Media,Bassa,🟢,pochi titoli nativi in italiano (dominato da traduzioni Thibaut Meurisse); forte interesse per focus e produttività
2026-08-31,crescita personale,EN,dopamine detox workbook / digital detox journal,Alta,Alta,🔴,categoria consolidata e affollata con molti workbook e guide KDP
2026-08-31,crescita personale,IT,diario del lavoro sulle ombre ed integrazione inconscio (shadow work journal),Media,Media,🟡,presenza di grandi editori (Giunti/Sperling) ma margine per prompt ed esercizi specifici
2026-08-31,crescita personale,EN,shadow work journal with prompts for beginners,Alta,Alta,🔴,iper-saturo post-trend TikTok decine di publisher KDP identici
2026-08-31,fitness e dimagrimento,IT,esercizi somatici per principianti / regolazione sistema nervoso,Media,Bassa,🟢,trend emergente molto forte su social/podcast; pochissimi workbook pratici KDP per principianti in IT (solo testi teorici)
2026-08-31,fitness e dimagrimento,EN,somatic exercises therapy workbook / nervous system regulation,Alta,Alta,🔴,mercato saturo in USA con autori affermati e decine di workbook KDP
2026-08-31,fitness e dimagrimento,IT,yoga sulla sedia per anziani over 60 (guida illustrata 28 giorni),Media,Bassa,🟢,solo 2-3 titoli dedicati in italiano; format validatissimo all'estero con forte potenziale per la terza età
2026-08-31,fitness e dimagrimento,EN,chair yoga for seniors 28 day challenge,Alta,Alta,🔴,nicchia KDP storicamente tra le più saturate con decine di competitor agguerriti
2026-08-31,attività per bambini,IT,libro attività da viaggio senza schermi per bambini (giochi auto e vacanze),Media,Bassa,🟢,domanda alta dai genitori per vacanze/spostamenti; pochi libri KDP con posizionamento esplicito screen-free
2026-08-31,attività per bambini,EN,screen-free road trip travel activity book for kids,Alta,Alta,🔴,nicchia matura e molto affollata in lingua inglese
2026-08-31,attività per bambini,IT,quaderno operativo gestione emozioni bambini (esercizi rabbia e ansia),Media,Media,🟡,presenza forte di Erickson ma spazio per quaderni pratici illustrati per fascia 4-8 anni
2026-08-31,attività per bambini,EN,emotional regulation workbook for kids,Alta,Alta,🔴,nicchia consolidata con tantissimi editori e workbook strutturati
2026-08-31,ricette e cucina,IT,ricette con pochi ingredienti per risparmio,Media,Media,🟡,dominato da autori affermati (Csaba dalla Zorza) e piccoli editori tradizionali; spazio per angolo specifico (es. studenti fuorisede)
2026-08-31,ricette e cucina,EN,budget meal prep cookbook,Alta,Alta,🔴,decine di titoli KDP quasi identici categoria matura e affollata
2026-08-31,rimedi naturali e salute,IT,rimedi naturali per l'ansia,Media,Alta,🔴,stesso autore (Leo Greenwood) pubblica la stessa traduzione sia in IT che EN nicchia già presidiata cross-mercato
2026-08-31,rimedi naturali e salute,EN,natural remedies for anxiety,Alta,Alta,🔴,mercato maturo con decine di titoli quasi identici
2026-08-31,rimedi naturali e salute,IT,rimedi naturali per la menopausa,Media,Alta,🔴,numerosi titoli anche di editoria tradizionale (Panozzo Pavan Brun Rollone) nicchia già presidiata
2026-08-31,rimedi naturali e salute,EN,natural remedies for menopause,Alta,Alta,🔴,categoria consolidata con autori affermati
2026-08-31,planner e agende,IT,planner ADHD per donne in italiano,Media,Bassa,🟢,pochi planner nativi in italiano specifici per donne (per lo più guide non-planner o planner generici importati in inglese); nicchia poco presidiata
2026-08-31,planner e agende,EN,ADHD planner for women,Alta,Alta,🔴,decine di titoli quasi identici nicchia molto specifica e ben consolidata
2026-08-31,planner e agende,IT,diario di preghiera per donne,Media,Media,🟡,alcuni publisher KDP già attivi (Edoardo Pubblicazione PimPom Bowligner) ma nessun player dominante nessuna versione esplicitamente cattolica trovata
2026-08-31,planner e agende,EN,prayer journal for women,Alta,Alta,🔴,categoria iper-matura player affermato Paige Tate & Co oltre 1 milione di copie vendute
2026-09-01,hobby e manualità,IT,diario/quaderno di birdwatching (osservazione uccelli),Media,Alta,🔴,almeno 8 titoli dedicati attivi tra diari e manuali (es. Lucchetti) nessuno spazio libero
2026-09-01,hobby e manualità,EN,birdwatching log book,Alta,Alta,🔴,decine di log book quasi identici hobby enorme in US/UK ma nicchia iper-matura
2026-09-01,hobby e manualità,IT,manuale autoproduzione cosmetici naturali fai da te,Media,Media,🟡,numerosi titoli attivi ma alcuni con seguito editoriale reale (Riza) nessun dominante KDP puro possibile angolo specifico
2026-09-01,hobby e manualità,EN,natural cosmetics / soap making recipe journal,Media,Media,🟡,discreto numero di titoli tra guide e log book non iper-saturo come altre nicchie craft
2026-09-01,hobby e manualità,IT,candele fai da te / manuale candele artigianali,Media,Bassa,🟢,solo 4-5 guide dedicate pubblicate di recente 2024/2025 nessun player dominante trend hobby rilassante in crescita
2026-09-01,hobby e manualità,EN,candle making recipe book / journal,Alta,Alta,🔴,mercato enorme e saturo tra log book e guide autori affermati come Barbara Gammage
2026-09-01,meditazione e spiritualità,IT,tarocchi per principianti (guida pratica),Alta,Alta,🔴,almeno 7 titoli KDP recenti attivi nicchia molto pubblicata
2026-09-01,meditazione e spiritualità,EN,tarot for beginners,Alta,Alta,🔴,categoria storica dominata da editori affermati (Llewellyn Barbara Moore) oltre a molti KDP
2026-09-01,meditazione e spiritualità,IT,chakra per principianti (guida pratica),Alta,Alta,🔴,almeno 6 titoli KDP attivi tema molto pubblicato senza spazio libero
2026-09-01,meditazione e spiritualità,EN,chakra healing for beginners,Alta,Alta,🔴,almeno 8 titoli quasi identici categoria matura
2026-09-01,animali domestici,IT,ricette casalinghe per cani / cibo fatto in casa per cani,Media,Bassa,🟢,solo 3 titoli dedicati trovati (editi 2023-2025) nessun dominante trend pet food naturale in crescita
2026-09-01,animali domestici,EN,homemade dog food cookbook,Alta,Alta,🔴,7+ titoli quasi identici molti vet-informed categoria matura e affollata
2026-09-01,animali domestici,IT,guida comportamentale gatti / capire il tuo gatto,Media,Bassa,🟢,2-3 titoli dedicati nessun player dominante uno degli angoli trovati e astrologico non comportamentale puro
2026-09-01,animali domestici,EN,cat behavior guide / understanding your cat,Alta,Alta,🔴,7+ titoli consolidati incluse opere con credenziali veterinarie dichiarate categoria matura
2026-09-02,viaggi,IT,diario di viaggio per famiglie/bambini,Media,Media,🟡,almeno 4 titoli dedicati attivi nessuno chiaramente dominante ma tema già coperto
2026-09-02,viaggi,EN,family travel journal for kids,Alta,Alta,🔴,categoria bestseller dedicata su Amazon.com Best Sellers Children's Travel Books molto affollata
2026-09-02,viaggi,IT,diario di viaggio in solitaria per donne,Media,Bassa,🟢,nessun titolo dedicato trovato in italiano solo diari di viaggio generici non targettizzati
2026-09-02,viaggi,EN,solo female traveler journal,Alta,Alta,🔴,almeno 4-5 titoli dedicati recenti 2024-2025 nicchia in crescita ma già affollata
2026-09-02,matrimoni ed eventi,IT,manuale/planner testimone di nozze (incl. addio al nubilato),Media,Bassa,🟢,un solo titolo dedicato trovato più datato e generico nessun dominante
2026-09-02,matrimoni ed eventi,IT,libro degli ospiti matrimonio personalizzato,Bassa,N/A,⚪,risultati dominati da prodotti fisici artigianali Casa e cucina non libri KDP keyword da scartare
2026-09-02,matrimoni ed eventi,EN,maid of honor planner book,Alta,Alta,🔴,almeno 7-8 titoli quasi identici checklist doveri budget fornitori nicchia matura
2026-09-02,matrimoni ed eventi,EN,wedding guest book alternative journal,Media,Alta,🔴,categoria consolidata su Amazon KDP dati Book Bolt BSR medio ~138.000 profittevole ma affollata
2026-09-02,finanza personale,IT,diario/tracker estinzione debiti,Media,Bassa,🟢,nessun planner/tracker dedicato trovato solo saggi divulgativi generici e un tracker di risparmio generico
2026-09-02,finanza personale,IT,diario investimenti per principianti,Media,Bassa,🟢,nessun diario/tracker dedicato trovato solo guide teoriche tradizionali
2026-09-02,finanza personale,EN,debt payoff tracker journal,Alta,Alta,🔴,fonti di settore lo indicano tra le top-5 nicchie KDP finanza prezzi premium 12.99-18.99$
2026-09-02,finanza personale,EN,investing journal for beginners tracker,Alta,Alta,🔴,8+ titoli attivi tra investment tracker e trading journal nicchia consolidata
2026-09-03,narrativa romance,IT,monster romance italiano,Media,Bassa,🟢,solo traduzioni sporadiche (es. Rina Kent) nessun player nativo dominante trend romantasy/paranormal fortissimo
2026-09-03,narrativa romance,EN,monster romance,Alta,Alta,🔴,categoria dedicata Amazon.com decine di serie consolidate (Cambric Creek Gilded Monsters Matchmaker Monster Romance)
2026-09-03,narrativa romance,IT,sports/hockey romance italiano,Media,Media,🟡,diverse serie tradotte gia attive (Ava Avery L.A. Hawks) ma nessun dominante assoluto
2026-09-03,narrativa romance,EN,sports/hockey romance,Alta,Alta,🔴,categoria dedicata Sports Romance su Amazon.com mercato maturo
2026-09-03,narrativa fantasy,IT,cozy fantasy italiano,Media,Media,🟡,categoria Best Sellers dedicata anche su amazon.it ma pochi titoli nativi italiani trend in forte crescita
2026-09-03,narrativa fantasy,EN,cozy fantasy,Alta,Alta,🔴,editors' pick 2026 categoria Best Sellers dedicata Amazon.com molto affollata
2026-09-03,scuola e compiti,IT,agenda scolastica personalizzabile 2026/2027,Alta,Alta,🔴,mercato evergreen maturo tantissime varianti tematiche gia esistenti
2026-09-03,scuola e compiti,EN,school year planner 2026-2027 for kids,Alta,Alta,🔴,mercato maturo molti player attivi
2026-09-03,scuola e compiti,IT,diario/registro delle letture per bambini,Media,Alta,🔴,gia numerosi diari di lettura simili attivi da anni
2026-09-03,scuola e compiti,EN,reading log for kids,Media,Alta,🔴,moltissimi log book quasi identici
2026-09-04,ricette e cucina,IT,ricette antispreco / cucinare con gli avanzi,Media,Alta,🔴,almeno 7 libri dedicati anche di editori tradizionali (Gribaudo Caritas Ambrosiana Too Good To Go)
2026-09-04,ricette e cucina,EN,zero waste cooking book,Media,Alta,🔴,titoli affermati incl collana For Dummies
2026-09-04,ricette e cucina,IT,ricettario slow cooker / pentola cottura lenta,Media,Alta,🔴,almeno 7 titoli dedicati attivi su amazon.it
2026-09-04,ricette e cucina,EN,slow cooker recipe book bestseller,Alta,Alta,🔴,bestseller storici uno con 425.000 copie stampate
2026-09-04,planner e agende,IT,planner freelance / partita IVA agenda,Media,Bassa,🟢,nessun planner-organizer dedicato trovato su amazon.it solo guide fiscali informative
2026-09-04,planner e agende,EN,freelancer planner self employed book,Alta,Alta,🔴,almeno 8 titoli dedicati e consolidati
2026-09-04,planner e agende,IT,agenda/quaderno per turnisti lavoro a turni,Media,Media,🟡,alcuni titoli dedicati esistenti ma nessuno chiaramente dominante o aggiornato
2026-09-04,planner e agende,EN,shift work planner schedule journal,Media,Alta,🔴,numerosi log book quasi identici
2026-09-04,rimedi naturali e salute,IT,rimedi naturali per emicrania e mal di testa,Media,Alta,🔴,almeno 6 titoli dedicati attivi
2026-09-04,rimedi naturali e salute,EN,natural remedies for migraines book,Alta,Alta,🔴,numerosi titoli consolidati Cohen Wong MD
2026-09-04,rimedi naturali e salute,IT,rimedi naturali per la tiroide,Media,Alta,🔴,titoli anche di editoria tradizionale Bianchi Ishii
2026-09-04,rimedi naturali e salute,EN,natural remedies thyroid health book,Alta,Alta,🔴,numerosi titoli consolidati
2026-09-05,crescita personale,IT,diario anti-procrastinazione / smettere di procrastinare,Alta,Alta,🔴,8+ titoli attivi vari editori e self-pub nessuno spazio libero
2026-09-05,crescita personale,EN,procrastination journal / stop procrastinating workbook,Alta,Alta,🔴,decine di titoli storici + workbook dedicato recente categoria matura
2026-09-05,crescita personale,IT,quaderno esercizi assertività / confini personali (dire di no),Media,Media,🟡,poco formato workbook pratico dominano libri teorici/traduzioni Tawwab Vallardi
2026-09-05,crescita personale,EN,boundaries workbook / boundaries journal,Alta,Alta,🔴,autrici affermate editori veri Simon & Schuster New Harbinger
2026-09-05,attività per bambini,IT,attività montessori bambini 3-6 anni (quaderno/libro),Alta,Alta,🔴,editori affermati L'Ippocampo/Place tanti titoli
2026-09-05,attività per bambini,EN,montessori activity book ages 3-6,Alta,Alta,🔴,Kindle + fisici busy book molta offerta
2026-09-05,attività per bambini,IT,esperimenti scientifici / attività STEM per bambini,Alta,Alta,🔴,8+ titoli dedicati attivi su amazon.it
2026-09-05,attività per bambini,EN,STEM activity book for kids / science experiments,Alta,Alta,🔴,categoria Best Sellers dedicata su amazon.com
2026-09-05,fitness e dimagrimento,IT,camminata per dimagrire 30/90 giorni (diario/programma),Media,Alta,🔴,6-7 guide operative quasi simili gia attive
2026-09-05,fitness e dimagrimento,EN,walking challenge / steps a day weight loss journal,Alta,Alta,🔴,tanti log book/tracker quasi intercambiabili
2026-09-05,fitness e dimagrimento,IT,pilates al muro sfida 28 giorni,Alta,Alta,🔴,6+ titoli stesso autore Villanucci pubblicato anche in EN nicchia gia presidiata cross-mercato
2026-09-05,fitness e dimagrimento,EN,wall pilates challenge journal 28/30 day,Alta,Alta,🔴,trend virale decine di titoli quasi identici
2026-09-05,fitness e dimagrimento,IT,ginnastica dolce per la schiena / mal di schiena anziani a casa,Media,Bassa,🟢,solo 2 titoli dedicati entrambi editoria tradizionale nessun workbook KDP pratico
2026-09-05,fitness e dimagrimento,EN,back pain relief exercises for seniors (workbook),Alta,Alta,🔴,8+ titoli KDP quasi identici nicchia matura
2026-09-06,animali domestici,IT,diario/libro ricordi salute primi giorni cucciolo,Media,Bassa,🟢,solo 2-3 titoli dedicati stile diario/registro (Il diario di Fido; Il mio animale domestico) resto gadget generici o diari bebe riadattati
2026-09-06,animali domestici,EN,new puppy owner journal / puppy's first days journal,Alta,Alta,🔴,9+ titoli attivi e consolidati stesso formato nicchia matura
2026-09-06,animali domestici,IT,giochi mentali/arricchimento per cani in casa,Alta,Alta,🔴,5-6 titoli dedicati attivi anche autrice pubblicata cross-mercato (Nelson)
2026-09-06,animali domestici,EN,dog enrichment activities book,Alta,Alta,🔴,7+ titoli consolidati categoria Crafts Hobbies & Home
2026-09-06,hobby e manualita,IT,quaderno/diario progetti uncinetto e maglia,Media,Alta,🔴,4-5 quaderni dedicati gia attivi (Love Crochet De Ed. Lolli e altri)
2026-09-06,hobby e manualita,EN,knitting/crochet project journal planner,Alta,Alta,🔴,8+ titoli consolidati nicchia matura
2026-09-06,hobby e manualita,IT,quaderno/libro idee scrapbooking per principianti,Bassa,Media,🟡,categoria dedicata su amazon.it ma dominata da editori tradizionali (Gribaudo Malia) pochi KDP puri
2026-09-06,hobby e manualita,EN,scrapbook idea book / scrapbooking journal,Media,Media,🟡,categoria Best Sellers propria ma nessun singolo titolo dominante individuato tra i risultati
2026-09-06,meditazione e spiritualita,IT,numerologia per principianti guida pratica,Alta,Alta,🔴,categoria bestseller dedicata su amazon.it 6+ titoli attivi
2026-09-06,meditazione e spiritualita,EN,numerology for beginners,Alta,Alta,🔴,categoria bestseller propria autori affermati (Woodward Hade)
2026-09-06,meditazione e spiritualita,IT,numeri angelici / angeli custodi significato guida,Alta,Alta,🔴,5+ titoli attivi incl. traduzioni Doreen Virtue
2026-09-06,meditazione e spiritualita,EN,angel numbers guide book,Alta,Alta,🔴,categoria Best Sellers Angels & Spirit Guides autori affermati (Virtue Gray)
2026-09-07,finanza personale,IT,cash stuffing / metodo delle buste (libro),Alta,Media,🟡,almeno 4 titoli pubblicati di recente (Usai Monaco ecc) trend forte da TikTok nessun player ancora dominante ma si sta affollando in fretta
2026-09-07,finanza personale,EN,sinking funds tracker / planner,Alta,Alta,🔴,decine di titoli quasi identici un autore (Abby Oliver) con molteplici ASIN duplicati
2026-09-07,finanza personale,IT,fondo obiettivi di risparmio / sinking funds (quaderno),Media,Bassa,🟢,nessun libro KDP dedicato trovato su amazon.it concetto non ancora tradotto in un prodotto italiano
2026-09-07,viaggi,IT,diario di viaggio in camper / on the road,Alta,Alta,🔴,almeno 7 titoli dedicati attivi nicchia matura
2026-09-07,viaggi,EN,van life journal / camper van journal,Alta,Alta,🔴,9+ titoli quasi identici nicchia consolidata anche in EN
2026-09-07,viaggi,IT,diario di viaggio slow travel / viaggio lento consapevole,Media,Bassa,🟢,nessun titolo con questo posizionamento specifico trovato solo diari generici
2026-09-07,viaggi,EN,slow travel journal,Media,Alta,🔴,categoria presidiata incluso un editore reale (Chronicle Books/Emma Block)
2026-09-07,matrimoni ed eventi,IT,planner/proposta damigella d'onore,Media,Bassa,🟢,un solo titolo dedicato trovato nessun player dominante
2026-09-07,matrimoni ed eventi,EN,bridesmaid proposal / maid of honor planner,Alta,Alta,🔴,9+ titoli attivi publisher ricorrente (Malibu Seven)
2026-09-07,matrimoni ed eventi,IT,planner/diario anniversario di matrimonio,Media,Bassa,🟢,un solo titolo dedicato trovato (SweetNest) resto sono wedding-day planner non anniversary-specific
2026-09-07,matrimoni ed eventi,EN,wedding anniversary journal for couples,Alta,Alta,🔴,7+ titoli consolidati
2026-09-07,matrimoni ed eventi,IT,planner/organizer addio al nubilato o celibato (budget location invitati timeline),Media,Bassa,🟢,angolo raffinato dopo discussione con Michele: IT oggi ha solo libri-gioco/sfide o guest book non un vero organizer; equivalente EN (bachelorette/bachelor party planner) e' nicchia matura 10+ titoli; direzione scelta per sviluppo prodotto digitale con Antigravity
2026-09-09,narrativa romance,IT,dark romance italiano (mafia / enemies to lovers / morally grey),Alta,Alta,🔴,categoria bestseller dedicata su amazon.it autori nativi ricorrenti (Faby Daddy Alexandra) + traduzioni consolidate (Rina Kent) pipeline editoriale 2026 confermata (Sperling&Kupfer Feltrinelli/Night+Day)
2026-09-09,narrativa romance,EN,dark romance,Alta,Alta,🔴,categoria bestseller propria enorme decine di sottogeneri (mafia gothic dark fantasy) ma analisi di settore segnala fatica del lettore e trend in spostamento
2026-09-09,narrativa romance,EN,cozy romantic suspense,Alta,Bassa,🟢,+68% crescita YoY 2026 secondo analisi di settore (poca violenza sleuth amatoriale HEA garantito) ricerca sul tag esatto trova ancora pochissimi titoli dedicati genere in formazione
2026-09-09,narrativa romance,IT,romance a sfondo giallo leggero / "cozy" senza violenza,Bassa,Bassa,🟡,nessuna etichetta italiana equivalente trovata esiste "romantic suspense" generico ma non la declinazione cozy a basso contenuto violento da validare
2026-09-09,narrativa fantasy,EN,litrpg / progression fantasy,Alta,Alta,🔴,genere in forte espansione (Dungeon Crawler Carl He Who Fights With Monsters) ma categoria bestseller enorme guidata da serie consolidate e page-reads Kindle Unlimited
2026-09-09,narrativa fantasy,IT,litrpg / fantasy di progressione in italiano (autori nativi),Media,Bassa,🟢,categoria dedicata GameLit & LitRPG esiste anche su amazon.it ma dominata da traduzioni solo 1-2 autori italiani nativi individuati mercato descritto come ancora frammentato con domanda lettori in crescita
2026-09-09,narrativa fantasy,IT,isekai fantasy in italiano,Bassa,Bassa,🟡,pochi titoli nativi per lo piu traduzioni/light novel giapponesi nessun segnale chiaro di domanda specifica in fonti italiane segnali contrastanti da monitorare
2026-09-09,scuola e compiti,IT,metodo di studio per ragazzi (quaderno/guida),Alta,Alta,🔴,decine di titoli attivi gia esistenti (Polito Salvo Paoli Anardi) nicchia matura da anni
2026-09-09,scuola e compiti,EN,study skills workbook for teens/students,Alta,Alta,🔴,categoria bestseller dedicata Study Skills su amazon.com molti titoli e publisher consolidati
2026-09-09,scuola e compiti,EN,AI study skills workbook for students,Media,Media,🟡,angolo emergente AI-powered study skills solo 2 titoli dedicati individuati non ancora affollato ma trend non consolidato
2026-09-09,scuola e compiti,IT,metodo di studio con intelligenza artificiale per ragazzi,Media,Bassa,🟢,nessun quaderno/guida dedicato trovato su amazon.it che unisca metodo di studio e uso pratico dell'AI per ragazzi esistono solo libri generici su AI e DSA angolo non ancora tradotto in IT
2026-09-10,rimedi naturali e salute,IT,rimedi naturali per l'artrite e i dolori articolari,Alta,Alta,🔴,7+ titoli attivi incl. editoria tradizionale (Mindell Lanzetta) tema molto battuto simile ad altri angoli salute gia testati
2026-09-10,rimedi naturali e salute,EN,natural remedies for arthritis joint pain,Alta,Alta,🔴,8+ titoli quasi identici categoria matura
2026-09-10,rimedi naturali e salute,IT,ayurveda per principianti guida pratica,Media,Alta,🔴,6-7 titoli attivi incl. editoria tradizionale (Kiran Vyas) nicchia gia presidiata
2026-09-10,rimedi naturali e salute,EN,ayurveda for beginners guide,Alta,Alta,🔴,7+ titoli consolidati incl. collana For Dummies
2026-09-10,planner e agende,IT,diario/organizer completo per caregiver di anziani in famiglia,Media,Bassa,🟢,solo tracker mono-tema trovati (pressione farmaci) nessun planner all-in-one comparabile al formato EN assistenza familiare/badanti in forte diffusione in Italia
2026-09-10,planner e agende,EN,caregiver planner for elderly parents,Alta,Alta,🔴,6+ publisher dedicati e consolidati (Care Press Vigilia Press Sweekar) formato all-in-one molto sviluppato
2026-09-10,planner e agende,IT,quaderno tracker sintomi e farmaci per malattie croniche/autoimmuni,Media,Media,🟡,pochi prodotti comprensivi trovati (Diario di una spoonie copre bene angolo generico) spazio per varianti piu specifiche fibromialgia endometriosi
2026-09-10,planner e agende,EN,chronic illness symptom and medication tracker journal,Alta,Alta,🔴,6+ titoli quasi identici categoria matura
2026-09-10,ricette e cucina,IT,ricette one pot pentola unica facili,Media,Alta,🔴,numerosi titoli attivi mix appliance-specific (Instant Pot) e generico incl. editoria tradizionale (Franco Lucia)
2026-09-10,ricette e cucina,EN,one pot recipes cookbook,Alta,Alta,🔴,categoria storica consolidata big publisher (Adams Media)
2026-09-10,ricette e cucina,IT,ricette senza glutine e lattosio per intolleranze alimentari,Media,Media,🟡,5+ titoli attivi ma nessun player nettamente dominante spazio per angolo piu specifico bambini fuori casa
2026-09-10,ricette e cucina,EN,gluten free dairy free recipes cookbook,Alta,Alta,🔴,categoria consolidata big publisher (Adams Media Everything series)
2026-09-13,crescita personale,IT,quaderno esercizi / manuale di lavoro ADHD per donne formato planner giornaliero,Media,Media,🟡,già 2-3 titoli dedicati (workbook e guide) su amazon.it ma nessun formato planner/agenda giornaliero come in EN angolo da validare
2026-09-13,crescita personale,EN,adhd planner for women,Alta,Alta,🔴,8+ titoli quasi identici formato planner/organizer nicchia matura
2026-09-13,crescita personale,IT,quaderno esercizi autostima per adulti,Alta,Alta,🔴,7+ titoli attivi incl. editoria tradizionale (Poletti Schab Giovannini) nicchia storica satura
2026-09-13,crescita personale,EN,self-esteem workbook for adults,Alta,Alta,🔴,8+ titoli quasi identici categoria matura
2026-09-13,crescita personale,IT,quaderno/diario per persone altamente sensibili (alta sensibilità),Media,Media,🟡,titoli tradotti di Elaine Aron + un paio di quaderni nativi ma nessun workbook illustrato moderno margine possibile da validare
2026-09-13,crescita personale,EN,highly sensitive person workbook,Alta,Media,🟡,titoli storici (Aron) e piu recenti (Cassil) ma non iper-affollato come altri temi crescita personale
2026-09-13,attività per bambini,IT,quaderno di attività per bambini plusdotati / ad alto potenziale,Media,Bassa,🟢,7+ libri guida per genitori/insegnanti sul tema ma zero quaderno di attività pensato per il bambino trovato su amazon.it
2026-09-13,attività per bambini,EN,activity book for gifted kids,Alta,Alta,🔴,7+ titoli dedicati attivi categoria consolidata (workbook mindfulness puzzle brain games)
2026-09-13,attività per bambini,IT,libro trova le differenze per bambini,Alta,Alta,🔴,8+ titoli attivi su fasce eta multiple nicchia matura anche in IT
2026-09-13,attività per bambini,EN,spot the difference book for kids,Alta,Alta,🔴,8+ titoli quasi identici incl. publisher ricorrente (Youth/Splendid) nicchia matura anche in EN
2026-09-13,attività per bambini,IT,coding unplugged / pensiero computazionale per bambini (quaderno attività),Media,Alta,🔴,7+ titoli attivi incl. Fondazione Mondo Digitale e traduzioni nicchia gia presidiata
2026-09-13,attività per bambini,EN,unplugged coding activity book for kids,Alta,Alta,🔴,7+ titoli attivi categoria consolidata STEM screen-free
2026-09-13,fitness e dimagrimento,IT,diario/tracker allenamento e sintomi per la menopausa,Media,Bassa,🟢,solo diari fitness generici trovati su amazon.it nessun tracker specifico per menopausa nonostante 5+ guide testuali "dimagrire in menopausa" gia presenti sul tema generale
2026-09-13,fitness e dimagrimento,EN,menopause weight loss / fitness journal or tracker,Alta,Media,🟡,4+ titoli dedicati gia attivi (30-day jumpstart menopause tracker) nicchia in crescita ma non iper-satura
2026-09-13,fitness e dimagrimento,IT,guida dimagrire in menopausa con piano allenamento incluso,Alta,Media,🟡,5+ guide gia attive con piano alimentare/allenamento incluso nel testo margine ridotto sul formato guida spazio residuo sul formato tracker
2026-09-14,animali domestici,IT,diario sanitario / tracker salute per gatto anziano (senior),Media,Bassa,🟢,trovato solo un diario sanitario gatto generico (non age-specific) su amazon.it; nessun prodotto dedicato al gatto anziano
2026-09-14,animali domestici,EN,senior cat health record book / journal,Alta,Alta,🔴,7-8+ titoli dedicati attivi incl. Pawprints Forever e Senior Cat Health Logbook categoria consolidata
2026-09-14,animali domestici,IT,guida cura coniglio domestico,Media,Media,🟡,3+ guide già attive (alcune datate es. Rebière) non terreno vergine
2026-09-14,animali domestici,EN,pet rabbit care handbook,Media,Alta,🔴,7+ titoli recenti e attivi nicchia consolidata anche se più piccola di cani/gatti
2026-09-14,meditazione e spiritualità,IT,diario lunare evergreen / taccuino cicli lunari senza anno specifico,Media,Media,🟢,risultati dominati da calendari lunari anno-specifici 2025/2026; formato journal guidato senza data non trovato chiaramente da validare ulteriormente
2026-09-14,meditazione e spiritualità,EN,moon phase journal / moon cycle journal,Alta,Alta,🔴,6+ titoli dedicati attivi Manifesting with the Moon Moon Journal Angel Moonphase Journal nicchia matura
2026-09-14,meditazione e spiritualità,IT,numerologia e numeri angelici guida pratica,Alta,Alta,🔴,8+ titoli attivi incl. categoria bestseller dedicata Numerologia su amazon.it nicchia storica satura
2026-09-14,hobby e manualità,IT,taccuino/diario progetti a maglia e uncinetto (yarn tracker),Media,Media,🟡,4+ prodotti già attivi e dedicati Diario di una Magliaia Love Crochet ecc.
2026-09-14,hobby e manualità,EN,knitting/crochet project journal & yarn stash tracker,Alta,Alta,🔴,8-10+ titoli quasi identici alcuni con più edizioni dello stesso autore categoria matura
2026-09-15,finanza personale,IT,planner/quaderno gestione finanze per coppie (budget condiviso),Media,Bassa,🟢,nessun prodotto dedicato trovato su amazon.it solo planner generici o finanza individuale
2026-09-15,finanza personale,EN,budget planner for couples / money for couples workbook,Alta,Media,🟢,bestseller narrativo Ramit Sethi valida la domanda solo 1 planner-format dedicato trovato (Lahboussi) non ancora affollato
2026-09-15,finanza personale,IT,quaderno/tracker gestione finanze per partita IVA e liberi professionisti,Media,Bassa,🟡,nessun prodotto dedicato trovato solo guide fiscali (FlexTax) domanda assunta non confermata da fonti dirette da validare
2026-09-15,finanza personale,EN,freelancer bookkeeping tracker / ledger book,Alta,Alta,🔴,categoria Bookkeeping consolidata dati di vendita reali pubblicati (Ledger Book ~277 vendite Bill Tracker Notebook ~280) libro tradizionale D'Agnese/Kiernan
2026-09-15,matrimoni ed eventi,IT,planner/organizer battesimo o comunione bambino (checklist budget invitati),Bassa/Media,Bassa,🟡,nessun planner/organizer dedicato trovato solo segnaposti articoli informativi e wedding planner generici domanda per il formato libro non confermata
2026-09-15,matrimoni ed eventi,EN,christening/baptism planner book,Bassa/Media,Bassa/Media,🟡,trovati solo guest book e keepsake book non veri organizer/planner nicchia di fatto non ancora sviluppata in questo formato
2026-09-15,matrimoni ed eventi,IT,planner organizzazione baby shower,Media,Bassa,🟢,un solo titolo dedicato trovato (Il Diario del Baby Shower autrice Stefania) nessun altro concorrente diretto
2026-09-15,matrimoni ed eventi,EN,baby shower planner book,Alta,Alta,🔴,publisher ricorrente (Express Publication) con 4+ ASIN quasi identici categoria consolidata
2026-09-15,matrimoni ed eventi,IT,planner luna di miele / viaggio di nozze,Media,Bassa,🟢,2 titoli trovati (stessa autrice Stefania del baby shower + guida generica non-planner) nessun player dominante
2026-09-15,matrimoni ed eventi,EN,honeymoon planner book,Media,Alta,🔴,5+ titoli attivi incl. editoria tradizionale (Sharon Naylor Sourcebooks)
2026-09-15,viaggi,IT,diario/planner Cammino di Santiago (pellegrinaggio a piedi),Media,Alta,🔴,5-6+ titoli dedicati attivi (Il mio cammino per Santiago CamminAgenda Cammino di Santiago Compostela Stefanutti in piu edizioni)
2026-09-15,viaggi,EN,camino de santiago journal,Alta,Alta,🔴,8+ titoli dedicati quasi identici nicchia matura anche in inglese
2026-09-20,narrativa romance,IT,romance a corte dei fae (fae romantasy),Alta,Alta,🔴,saturato da traduzioni Sarah J. Maas (La corte di rose e spine) + serie indie attive (The Fae Romance Series FERROVENA La fiaba di Ella)
2026-09-20,narrativa romance,IT,dark academia romance italiano,Media,Bassa,🟢,su amazon.it quasi solo edizioni in inglese non tradotte (Gothikana A Beautiful Liar The Lies Beneath) nessun autore/editore italiano nativo dedicato individuato
2026-09-20,narrativa romance,EN,fae romantasy / court fantasy romance,Alta,Alta,🔴,categoria bestseller dedicata su amazon.com dominata da Callie Hart (Quicksilver Brimstone NYT bestseller) e Sarah J. Maas
2026-09-20,narrativa romance,EN,dark academia romance,Alta,Alta,🔴,RuNyx (Enigma) bestseller NYT/USA Today decine di serie concorrenti consolidate
2026-09-20,narrativa fantasy,IT,fantasy con draghi cavalcatori italiano,Media,Alta,🔴,autore indie italiano affermato (Stefano Lanciotti Nocturnia 40k+ copie) piu traduzioni Morgan Rice e Thea Harrison
2026-09-20,narrativa fantasy,IT,fantasy piratesco romantico italiano (pirate romantasy),Bassa/Media,Bassa,🟢,nessun titolo indie dedicato trovato solo avventura pirati per ragazzi generica e narrativa tradizionale (Evangelisti) domanda da validare ulteriormente
2026-09-20,narrativa fantasy,EN,dragon rider romantasy (stile Fourth Wing),Alta,Alta,🔴,Fourth Wing/Iron Flame di Rebecca Yarros fenomeno globale categoria Best Romantic Fantasy dominata
2026-09-20,narrativa fantasy,EN,pirate fantasy romance,Media,Media,🟡,sottogenere in crescita (Crowns and Swords The Syren's Mutiny Pirates of Felicity) ma nessun player dominante assoluto ancora
2026-09-20,scuola e compiti,IT,quaderno/tracker routine mattutina e scolastica bambini,Media,Media,🟡,diversi prodotti gia attivi (Routine giornaliera bambini HABIT TRACKER Quaderno delle abitudini) nessuno chiaramente dominante
2026-09-20,scuola e compiti,IT,planner/tracker countdown ripasso esame di Maturita,Media,Bassa,🟢,risultati dominati da guide di contenuto (temi svolti manuali) non da un vero planner/tracker dedicato unico planner simile (StudiAMOre) e generico non exam-specific
2026-09-20,scuola e compiti,EN,morning routine habit tracker for kids,Alta,Alta,🔴,numerosi titoli quasi identici e consolidati (TinySpark Studio Calista & Kingsley Press Smart Cookie)
2026-09-20,scuola e compiti,EN,exam prep planner for high school students,Alta,Alta,🔴,categoria Amazon Best Sellers dedicata Best High School Test Preparation molto affollata
2026-09-21,ricette e cucina,IT,ricette per diabetici / ricettario diabete,Alta,Alta,🔴,7+ titoli attivi incl. editoria tradizionale (Fiona Hunter Giunti) categoria matura anche in IT
2026-09-21,ricette e cucina,EN,diabetic cookbook,Alta,Alta,🔴,categoria bestseller dedicata "Diabetic & Sugar-Free Cooking" con big publisher (America's Test Kitchen For Dummies Betty Crocker) nicchia storica satura
2026-09-21,ricette e cucina,IT,ricette per una persona sola / cucinare da single,Media,Media,🟡,5-6 titoli indie attivi (stessa autrice con doppia uscita) nessun editore tradizionale ne player dominante spazio per prodotto piu curato
2026-09-21,ricette e cucina,EN,cooking for one cookbook,Alta,Alta,🔴,categoria bestseller dedicata "Cooking for One" con editoria tradizionale (America's Test Kitchen) e serie multi-titolo (Joanie Zisk) nicchia matura
2026-09-21,rimedi naturali e salute,IT,rimedi naturali colon irritabile / intestino irritabile,Alta,Alta,🔴,categoria bestseller dedicata "Gastroenterology" su amazon.it 8+ titoli incl. dieta FODMAP nicchia satura anche in IT
2026-09-21,rimedi naturali e salute,EN,natural remedies IBS / low FODMAP diet book,Alta,Alta,🔴,9+ titoli consolidati incl. autori medici e bestseller NYT (Kate Scarlata Sue Shepherd) categoria molto matura
2026-09-21,rimedi naturali e salute,IT,rimedi naturali acne adulta / pelle,Media,Alta,🔴,6+ titoli attivi incl. categoria dedicata "Dermatology" su amazon.it nicchia gia presidiata
2026-09-21,rimedi naturali e salute,EN,natural remedies adult acne,Media,Alta,🔴,8+ titoli attivi anche se alcuni datati/self-pub nicchia storica gia affollata
2026-09-21,planner e agende,IT,diario/tracker sintomi endometriosi,Alta,Bassa,🟢,nessun tracker/diario sintomi dedicato trovato su amazon.it solo diari mestruali generici e libri dieta anti-infiammatoria gap chiaro rispetto al mercato EN
2026-09-21,planner e agende,EN,endometriosis symptom tracker journal,Alta,Alta,🔴,8+ titoli quasi identici con publisher ricorrenti dedicati (Endo.Awareness Press Cozy.endo Banana River Press) formato consolidato nicchia salute femminile matura
2026-09-21,planner e agende,IT,agenda/planner per studenti universitari,Media,Media,🟡,6+ prodotti attivi incl. formato completo (UniPlanner con time tracker e budget) nessun player nettamente dominante
2026-09-21,planner e agende,EN,college student academic planner,Alta,Alta,🔴,categoria consolidata con serie multi-anno gia affermate (Lamare Academic Planner The Centered Student) nicchia matura
2026-09-22,crescita personale,IT,quaderno/workbook gestione della rabbia per adulti,Media,Media,🟡,4-5 titoli attivi (Thalmann Plummer guide pratiche) perlopiu editoria tradizionale/tradotta nessun vero anger journal giornaliero in formato KDP moderno margine di formato da validare
2026-09-22,crescita personale,EN,anger management workbook / journal for adults,Alta,Alta,🔴,categoria bestseller dedicata Best Anger Management eBooks e Self Help su amazon.com decine di titoli quasi identici
2026-09-22,crescita personale,IT,diario/quaderno per l'overthinking e i pensieri ossessivi ricorrenti,Media,Bassa,🟢,solo 1 ebook con branding esplicito overthinking trovato resto risultati sono quaderni clinici su ansia/ossessioni con framing diverso naming overthinking non ancora sfruttato in IT nonostante trend forte in EN
2026-09-22,crescita personale,EN,overthinking journal / workbook for overthinkers,Alta,Alta,🔴,7+ titoli dedicati e distinti (The Overthinker's Journal Stop Overthinking CBT Survival Workbook for Overthinkers) trend consolidato e affollato
2026-09-22,attività per bambini,IT,quaderno attività bambini dislessia/DSA potenziamento lettura,Media,Alta,🔴,dominato da editore specializzato Erickson con serie dedicata Quaderni per la Dislessia nicchia istituzionale gia presidiata
2026-09-22,attività per bambini,EN,dyslexia activity/workbook for kids reading skills,Alta,Alta,🔴,7+ titoli KDP quasi identici (C.Academy Sathya Littlegran Mrick) categoria matura anche in EN
2026-09-22,attività per bambini,IT,libro enigmi/rebus e giochi di logica per bambini 8-10 anni,Alta,Alta,🔴,tradizione enigmistica italiana consolidata (Barbanera Enigmistica facile) piu titoli KDP dedicati categoria matura
2026-09-22,attività per bambini,EN,logic puzzles / brain games book for kids ages 8-10,Alta,Alta,🔴,6+ titoli quasi identici stesso posizionamento (Trace/KC Press autori ricorrenti) nicchia KDP storicamente affollata
2026-09-22,fitness e dimagrimento,IT,diario/tracker digiuno intermittente,Media/Alta,Bassa,🟢,un solo tracker fisico dedicato individuato su amazon.it (prodotto importato UK) resto risultati sono ebook guida testuali non in formato tracker/planner
2026-09-22,fitness e dimagrimento,EN,intermittent fasting tracker journal / log book,Alta,Alta,🔴,8+ titoli quasi identici (Fasting to Fab Journals con piu uscite Newton Waterlow) categoria KDP storicamente satura
2026-09-22,fitness e dimagrimento,IT,programma/quaderno esercizi diastasi addominale post parto,Media,Media,🟡,3-4 titoli dedicati individuati (Fiori Bollero clinici/professionali Fitmom coaching) ma nessun vero workbook/planner illustrato giorno-per-giorno in formato KDP margine sul formato da validare
2026-09-22,fitness e dimagrimento,EN,postpartum diastasis recti workout plan / workbook,Alta,Media,🟡,alcuni titoli dedicati (Diastasis Recti Pilates 28-Day Recovery Plan) ma non iperaffollato come altre nicchie fitness KDP spazio residuo possibile
2026-09-23,animali domestici,IT,diario/quaderno alimentazione casalinga cane (dieta BARF),Media/Alta,Bassa,🟢,numerosi manuali/guide BARF pubblicati (Swanie Barera Rus/Marelli Biagi) segno di forte interesse per il tema ma nessun vero diario/tracker pasti in formato compilabile trovato su amazon.it
2026-09-23,animali domestici,EN,homemade dog food diary / meal planner & feeding journal,Media,Media,🟡,solo 2 prodotti dedicati diretti trovati (Dog Food Diary Dog Meal Planner & Feeding Journal) non iper-affollato ma nicchia gia presidiata
2026-09-23,animali domestici,IT,planner/quaderno cura e mantenimento cavallo,Media,Bassa,🟢,un solo prodotto dedicato (Horses Diary) piu orientato ad agenda appuntamenti generica che a log salute/allenamento strutturato resto risultati sono manuali cartacei generalisti
2026-09-23,animali domestici,EN,horse care journal / health & training record log book,Alta,Alta,🔴,9+ titoli quasi identici pubblicati nel tempo (Horse Care Journal Equine Journal System My Horse Planner Horse Management Log Book) nicchia matura con community fedele
2026-09-23,hobby e manualità,IT,diario/planner giardinaggio orto e piante,Alta,Alta,🔴,8+ titoli dedicati gia pubblicati (Diario Delle Mie Piante Garden Planner Taccuino Orto e Giardino) nicchia matura anche in IT
2026-09-23,hobby e manualità,EN,gardening journal / garden planner,Alta,Alta,🔴,8+ titoli dedicati e ricorrenti categoria KDP storicamente satura
2026-09-23,hobby e manualità,IT,quaderno progetti fai da te / DIY project log,Bassa/Media,Bassa,🟡,un solo prodotto realmente dedicato trovato (Quaderno dei Progetti: Fai da te) resto risultati sono planner generici (pulizie obiettivi) non specifici domanda di base IT da confermare
2026-09-23,hobby e manualità,EN,DIY project logbook / craft project journal,Media,Alta,🔴,8+ varianti quasi identiche (DIY Project Logbook A Crafter's Project Log Woodworker's Project Journal DIY planner) nicchia matura tra hobbisti/artigiani
2026-09-23,meditazione e spiritualità,IT,diario tarocchi / tarot journal per letture quotidiane,Alta,Alta,🔴,8-9+ titoli dedicati e molto simili tra loro (Diario tarocchi annuale Diario dei Tarocchi a 3 Carte Diario delle stese) nicchia matura e consolidata in IT
2026-09-23,meditazione e spiritualità,EN,tarot journal / tarot reading log book,Alta,Alta,🔴,8+ titoli quasi identici (Tarot Card Reading Journal Tarot Reader's Log Tarot Journal di Aventurine Press) categoria matura anche in EN
2026-09-23,meditazione e spiritualità,IT,quaderno/workbook chakra con esercizi guidati,Alta,Bassa,🟢,tema molto popolare (7+ libri guida teorici trovati: Mangini Russo Raiser Gallari) ma nessun vero workbook/diario compilabile con esercizi giorno-per-giorno individuato
2026-09-23,meditazione e spiritualità,EN,chakra healing workbook & journal,Alta,Alta,🔴,6+ titoli dedicati (Chakra Healing Journal Workbook Root Chakra Healing Workbook & Journal Chakra Workbook & Journal di Jamieson e Field) format gia validato e affollato
2026-09-27,finanza personale,IT,quaderno/planner estinzione debiti (metodo palla di neve),Media,Bassa,🟢,nessun prodotto dedicato trovato su amazon.it solo budget planner generici (Agenda dei Conti di Casa Smart Planner Budget Book) con al massimo una sezione debiti
2026-09-27,finanza personale,EN,debt payoff planner / debt payoff tracker,Alta,Alta,🔴,categoria matura con badge di vendita indicativi alti (100-400+ bought in past month) David Planners Wendy Brinton (#1 Best Seller Accounting Standards) Modern Simple Press Kamaruj Jaman
2026-09-27,finanza personale,IT,planner/quaderno pianificazione pensione,Bassa/Media,Bassa,🟡,trovati solo quaderni regalo pensionamento scherzosi nessun vero workbook di pianificazione finanziaria/personale per la pensione domanda incerta per differenze col sistema previdenziale USA
2026-09-27,finanza personale,EN,retirement planning workbook / retirement planner journal,Media,Media,🟡,diversi titoli dedicati ma non iper-affollati (Purposeful Retirement Planner Retirement Planning Notebook Purposeful Retirement Workbook di Hyrum W. Smith) nicchia presidiata ma non satura come debt payoff
2026-09-27,viaggi,IT,diario di viaggio in camper/van/furgone da compilare,Alta,Alta,🔴,8+ titoli dedicati gia attivi (Diario Di Bordo Camper Diario di Bordo per Camperisti All'Improvviso Roselli/Versiglioni) nicchia matura anche in IT
2026-09-27,viaggi,EN,RV road trip journal / van life travel journal,Alta,Alta,🔴,8+ titoli quasi identici (Living The Van Life RV Life Travel Journal This Is My Van Life Van Life Journal & Log Book) categoria KDP storicamente satura
2026-09-27,viaggi,IT,planner/diario di viaggio per donne che viaggiano da sole,Media,Bassa/Media,🟢,categoria diari di viaggio generici gia affollata in IT ma nessun prodotto posizionato specificamente per viaggiatrice solitaria unico titolo tematico trovato e un romanzo/memoir (Perosino) non un planner
2026-09-27,viaggi,EN,solo female travel planner / solo female travel journal,Alta,Alta,🔴,8+ titoli dedicati e distinti (Sarapulova Inayat A.C. Smith Lola Green Ella May Avery-Lane Hazard/Wilder Alexa West) nicchia consolidata
2026-09-27,matrimoni ed eventi,IT,planner/organizer festa di laurea,Media,Bassa,🟢,un solo prodotto dedicato trovato (Planning Laurea: Organizer di Rose Mancu 2 varianti/ASIN stesso autore) nessun altro concorrente diretto nicchia culturale forte in Italia
2026-09-27,matrimoni ed eventi,EN,graduation party planner,Media,Media,🟡,diversi titoli attivi ma BSR modesti (centinaia di migliaia) Amanda Cowey (2 edizioni) Wright/van't Riet Party Passion Publishing Emily Guyer non iper-maturo
2026-09-27,matrimoni ed eventi,IT,diario/organizer per affrontare il divorzio e ricominciare,Bassa/Media,Bassa,🟡,nessun diario/organizer compilabile dedicato trovato solo guide di auto-aiuto testuali (Prezioso) e romanzi (Deledda) gap di formato netto ma domanda IT da confermare tema sensibile
2026-09-27,matrimoni ed eventi,EN,divorce planner / divorce organizer workbook,Alta,Media/Alta,🟡,organizer consolidati anche di editoria tradizionale (Brette Sember The Divorce Organizer & Planner The Complete Divorce Organizer and Planner) piu titoli KDP recenti (New Chapter Press Deidra Romero) nicchia presidiata ma non iper-affollata come debt payoff
2026-09-28,narrativa romance,IT,romance hockey italiano,Media,Bassa,🟢,solo pochi titoli individuati su amazon.it (Frost King Hockey Kings; Una ragazza impossibile Kings of Denver; Ghiaccio e zucchero pubblicato ago 2026) per lo piu traduzioni recenti nessuna categoria dedicata ancora nicchia emergente da monitorare
2026-09-28,narrativa romance,EN,hockey romance books,Alta,Alta,🔴,categoria consolidata con bestseller list dedicata su amazon.com (Best Hockey) decine di serie attive (Appies Hockey Romance In the Game College Hockey Romance) nicchia matura
2026-09-28,narrativa romance,IT,dark romance mafia italiano,Alta,Media/Alta,🟡,gia presidiata da produzione italiana originale con serie multi-volume attive (Feretti Sindacato 10+ vol Rosetti Club Miami) non iper-satura come EN ma non piu un gap netto
2026-09-28,narrativa romance,EN,mafia romance books,Alta,Alta,🔴,nodo bestseller Amazon dedicato (Best Mafia Romance / Mafia Romance eBooks) autori affermati (L.J. Shen Sierra Voss Nicole Fox) categoria KDP storicamente satura
2026-09-28,narrativa fantasy,IT,cozy fantasy italiano,Media,Bassa/Media,🟢,amazon.it ha gia una categoria bestseller Cozy Fantasy Fiction ma popolata perlopiu da edizioni in inglese pochi titoli italiani originali individuati (rom-com cozy fantasy tipo Guida per Maghi) margine per produzione nativa
2026-09-28,narrativa fantasy,EN,cozy fantasy books,Alta,Alta,🔴,categoria bestseller dedicata e affollata (Legends & Lattes-style) serie affermate (Magical Midlife Madness Fellowship of Bakers & Magic) generi consolidato dal 2022
2026-09-28,narrativa fantasy,IT,fantasy accademia di magia italiano,Media/Alta,Bassa,🟢,nessun fantasy/romantasy accademia magica italiano nativo individuato su amazon.it solo un vecchio librogame non pertinente (Accademia della Magia Mezzalira) gap netto rispetto a EN
2026-09-28,narrativa fantasy,EN,magic academy fantasy books,Alta,Alta,🔴,decine di serie dedicate e multi-volume (Boston Magic Academies Magic Dungeon Academy Ravencrest Academy) molte in Kindle Unlimited nicchia matura e affollata
2026-09-28,scuola e compiti,IT,planner/agenda insegnanti,Alta,Alta,🔴,moltissimi titoli ed editori dedicati gia attivi (Agenda Del Docente Agenda Insegnante piu varianti annuali) tradizione consolidata anche in IT
2026-09-28,scuola e compiti,EN,teacher planner,Alta,Alta,🔴,categoria bestseller dedicata Calendars & Planners for Teachers su amazon.com molti publisher consolidati (Carson Dellosa) nicchia matura
2026-09-28,scuola e compiti,IT,quaderno metodo di studio ADHD bambini,Media,Media,🟡,diversi titoli dedicati gia individuati (diario scolastico ADHD/DSA quaderni di attivita per attenzione/concentrazione) perlopiu focalizzati su attenzione non su vero metodo di studio/compiti per ragazzi piu grandi margine parziale
2026-09-28,scuola e compiti,EN,study skills workbook ADHD kids,Media,Media,🟡,alcuni titoli dedicati individuati (ADHD & Executive Function Workbook for Kids ADHD Success Workbook) non iper-affollato come teacher planner ma nicchia gia presidiata
2026-09-29,ricette e cucina,IT,ricette con friggitrice ad aria / airfryer,Alta,Alta,🔴,9+ titoli dedicati e ricorrenti incl. editoria tradizionale (Benedetta Rossi/Buon'Idea) nicchia matura anche in IT
2026-09-29,ricette e cucina,EN,air fryer cookbook recipes,Alta,Alta,🔴,categoria storicamente consolidata decine di titoli quasi identici big publisher presenti
2026-09-29,ricette e cucina,IT,ricette fermentazione casalinga (kombucha kefir crauti),Media,Media,🟡,mix di libri storico/scientifici e traduzioni solo 1-2 titoli in puro formato ricettario KDP indie
2026-09-29,ricette e cucina,EN,fermentation cookbook kombucha sauerkraut,Media/Alta,Alta,🔴,8+ guide per principianti quasi identiche categoria matura
2026-09-29,rimedi naturali e salute,IT,rimedi naturali caduta capelli e ricrescita,Media/Alta,Bassa,🟢,per lo piu libri editoria tradizionale generalisti sulla calvizie un solo titolo dedicato ai rimedi naturali in formato indie
2026-09-29,rimedi naturali e salute,EN,natural remedies hair loss regrowth,Alta,Alta,🔴,8+ ebook indie quasi identici nicchia matura e satura
2026-09-29,rimedi naturali e salute,IT,erboristeria fai da te / guida piante officinali,Alta,Alta,🔴,8+ titoli dedicati gia attivi (Bianchi Herbal Leaf Academy Bove Bulgarelli Voltolina Tierra) nicchia matura anche in IT
2026-09-29,rimedi naturali e salute,EN,herbalism for beginners medicinal plants guide,Alta,Alta,🔴,8+ titoli quasi identici (Green Life Wellness Wisdom Works Ava Green Katja Swift Indie Leaf Meyers) categoria matura
2026-09-29,planner e agende,IT,planner/diario di gravidanza settimana per settimana,Alta,Alta,🔴,9+ titoli dedicati gia attivi incl. editoria tradizionale (Dubini Diventare Mamma) categoria consolidata anche in IT
2026-09-29,planner e agende,EN,pregnancy planner journal week by week,Alta,Alta,🔴,8+ titoli quasi identici categoria KDP storicamente satura
2026-09-29,planner e agende,IT,quaderno/diario per l'elaborazione del lutto,Media,Bassa/Media,🟢,soprattutto traduzioni di bestseller (Devine Soffer Markham) + pochi titoli nativi indie nessun cluster di template come in EN tema sensibile da validare
2026-09-29,planner e agende,EN,grief journal workbook loss,Media/Alta,Alta,🔴,8+ titoli fortemente simili (struttura prompt/meditazioni quasi identica) da editori diversi nicchia matura
2026-09-30,crescita personale,IT,quaderno esercizi per il perfezionismo,Media,Alta,🔴,tema già presidiato da traduzioni di autori affermati (Il Perfezionista Felice/Schafler Il Perfezionista Ansioso) e da un quaderno esercizi nativo (mentalità vincente)
2026-09-30,crescita personale,EN,perfectionism workbook journal,Alta,Alta,🔴,categoria matura con autrici affermate e libri di editori reali (Sharon Martin CBT Workbook Katherine Morgan Schafler) e piu workbook KDP dedicati
2026-09-30,crescita personale,IT,quaderno esercizi per l'ansia sociale,Media,Alta,🔴,almeno 3-4 titoli dedicati attivi (Quaderno di Esercizi per Vincere Ansia Sociale Stop all'Ansia Sociale) categoria gia presidiata anche in IT
2026-09-30,crescita personale,EN,social anxiety workbook journal,Alta,Alta,🔴,categoria storica con autori clinici affermati (Antony & Swinson Bourne) editoria tradizionale consolidata
2026-09-30,crescita personale,IT,diario del perdono di se stessi / autocompassione,Media,Bassa,🟢,nessun diario/quaderno dedicato nativo trovato su fonti italiane solo contenuti blog sull'auto-compassione tema emergente non ancora tradotto in prodotto
2026-09-30,crescita personale,EN,self-forgiveness workbook journal self-compassion,Alta,Alta,🔴,piu titoli attivi incl. editore reale (New Harbinger The Self-Forgiveness Workbook di Grant Dewar) piu diversi journal indie simili
2026-09-30,attività per bambini,IT,quaderno attività bambini educazione finanziaria / risparmio,Media,Bassa,🟢,solo risorse istituzionali/scolastiche (Banca d'Italia Azimut OCF) nessun prodotto KDP consumer dedicato individuato su amazon.it
2026-09-30,attività per bambini,EN,financial literacy activity book for kids,Media,Media,🟡,alcuni titoli dedicati attivi (Kunigis Kidding Around with Cash Rich Pre-Teen) ma nessuno nettamente dominante nicchia non iper-satura
2026-09-30,attività per bambini,IT,libro attività bambini yoga e mindfulness illustrato,Media,Alta,🔴,diversi titoli tradotti gia attivi (Chiudi gli Occhi e Respira di Mallika Chopra Respira Insieme a Mirtillo) categoria gia presidiata in IT
2026-09-30,attività per bambini,EN,kids yoga and mindfulness activity book,Alta,Alta,🔴,categoria dominata da editoria tradizionale affermata (DK Publishing Yoga for Kids di Susannah Hoffman) nicchia matura
2026-09-30,fitness e dimagrimento,IT,programma allenamento a corpo libero uomini over 50,Media,Bassa,🟢,nessun libro KDP dedicato individuato solo articoli/blog fitness (my-personaltrainer.it) su allenamento funzionale over 50
2026-09-30,fitness e dimagrimento,EN,bodyweight workout program for men over 50,Alta,Alta,🔴,piu titoli attivi e consolidati (Bryant Willis BJ Gaddour Chair Yoga for Men Over 50 Bodyweight Training Over 40)
2026-09-30,fitness e dimagrimento,IT,diario/tracker allenamento corsa principianti (5K),Media/Alta,Bassa,🟢,solo app e piani di allenamento trovati (Brooks Garmin TrainingPeaks) nessun diario/tracker cartaceo o KDP dedicato individuato
2026-09-30,fitness e dimagrimento,EN,couch to 5k running journal tracker log book,Alta,Alta,🔴,bestseller storico pluridecennale (The Complete Runner's Day-By-Day Log) + Runner's World training diary usato da 300.000 runner categoria matura
2026-10-01,animali domestici,IT,diario/registro addestramento cucciolo compilabile,Media/Alta,Bassa,🟢,nessun vero log/diario compilabile dedicato trovato su amazon.it solo agenda brand generica (Pedigree) e manuali testuali non in formato tracker
2026-10-01,animali domestici,EN,puppy training log / puppy training journal,Alta,Media,🟡,diversi prodotti dedicati trovati ma soprattutto su Etsy/Payhip/Gumroad pochi riscontri diretti di affollamento su Amazon (Corgi Training Journal My Puppy's First Year Journal) nicchia da validare meglio
2026-10-01,animali domestici,IT,diario/quaderno ricordo lutto animale domestico,Media/Alta,Bassa,🟢,nessun diario/quaderno compilabile dedicato trovato su fonti italiane solo saggistica tradizionale sul lutto (Addio Amico Mio di Sife Wallace Tutto l'Amore che Resta)
2026-10-01,animali domestici,EN,pet loss journal / pet memorial journal,Alta,Alta,🔴,5+ titoli dedicati e distinti trovati (And I Love You Still di Julianne Corbin Pet Remembrance Journal A Love to Remember Pet Loss Grief Journal Journey to the Stars) nicchia matura
2026-10-01,hobby e manualità,IT,quaderno/album scrapbooking per ricordi,Bassa/Media,n/d,🟡,mercato orientato a kit fisici e materiali scrapbooking non a formato libro/journal KDP match di categoria incerto
2026-10-01,hobby e manualità,EN,scrapbooking journal / memory album,Media,n/d,🟡,mercato scrapbook fisico enorme ma come libro/journal KDP poco distinto dai kit fisici categoria da validare meglio
2026-10-01,hobby e manualità,IT,diario progetti cucito e quilting,Bassa,Bassa,🟡,pochissimi risultati specifici per l'Italia quilting/cucito come hobby strutturato meno diffuso che in USA domanda di base incerta
2026-10-01,hobby e manualità,EN,quilting project planner / quilting journal,Media,Media,🟡,categoria presidiata da editoria reale (Quilter's Project Planner di Betsy LaHonta Simon & Schuster) e piccoli publisher indie (Patchwork Posse) non iper-affollata ma non vergine
2026-10-01,meditazione e spiritualità,IT,diario dei sogni / quaderno interpretazione sogni,Media,Bassa,🟢,risultati dominati da opere letterarie/memoir (Il diario dei sogni di Marco Candida Un Mondo tutto mio di Graham Greene) nessun vero guided dream journal compilabile individuato
2026-10-01,meditazione e spiritualità,EN,dream journal guidato (prompt/interpretazione),Alta,Media,🟡,nicchia KDP nota ed evergreen con piu prodotti esistenti ma scarsi riscontri diretti di affollamento su Amazon nei risultati raccolti (molti da Etsy/Gumroad) da validare meglio
2026-10-01,meditazione e spiritualità,IT,diario shadow work / lavoro sull'ombra,Alta,Alta,🔴,piu edizioni italiane gia pubblicate incl. grande editoria (Shadow Work Journal di Keila Shaheen tradotto Mondadori Shadow Work di Kelly Bramblett Abbraccia te stesso di Raggi/Pracilio Giunti) fenomeno virale TikTok gia saturo
2026-10-01,meditazione e spiritualità,EN,shadow work journal,Alta,Alta,🔴,fenomeno virale TikTok con piu titoli affermati e terapisti professionisti (Step Into Your Shadows The Shadow Workbook di Kambria Caldwell The Shadow Work Journal di Keila Shaheen) categoria matura
2026-10-02,finanza personale,IT,quaderno/diario indipendenza finanziaria FIRE,Media,Bassa,🟢,tema FIRE molto discusso in blog/articoli italiani ma nessun diario/quaderno KDP dedicato trovato solo saggistica tradotta (O la Borsa o la Vita ed. Gribaudi)
2026-10-02,finanza personale,EN,FIRE financial independence planner workbook,Alta,Alta,🔴,nicchia presidiata anche da editoria tradizionale reale (The F.I.R.E. Planner di Michael Quan Adams Media F.I.R.E. For Dummies) piu journal indie (The Wealth Box Journal)
2026-10-02,finanza personale,IT,diario spese quotidiane minimalista,Bassa/Media,Bassa/Media,🟡,si sovrappone molto al kakebo gia noto e diffuso angolo poco distintivo da validare meglio
2026-10-02,finanza personale,EN,daily expense tracker journal minimalist,Media,Alta,🔴,moltissimi template simili su Etsy/Gumroad e alcuni libri KDP generici nicchia affollata e poco distintiva
2026-10-02,matrimoni ed eventi,IT,organizer/quaderno festa di compleanno bambini,Media/Alta,Bassa,🟢,alta richiesta di organizzazione feste per bambini (blog servizi come Bimbi a Festa) ma nessun planner/organizer in formato libro dedicato trovato su fonti pubbliche italiane
2026-10-02,matrimoni ed eventi,EN,kids birthday party planner book,Alta,Alta,🔴,piu titoli editoriali consolidati (The Ultimate Party Book for Kids Penny Whistle Party Planner Cool Party Mom di Marnie Ann Pacino Let's Party!)
2026-10-02,matrimoni ed eventi,IT,planner/organizer diciottesimo compleanno,Bassa,Bassa,🟡,pochi contenuti dedicati trovati (soprattutto idee regalo generiche) nessun planner libro individuato ma domanda di base incerta da validare
2026-10-02,matrimoni ed eventi,EN,sweet 16 birthday planner book,Bassa/Media,Bassa/Media,🟡,molti checklist online (Venngage checklist.gg) ma pochi libri/planner dedicati individuati su fonti pubbliche nicchia da validare
2026-10-02,viaggi,IT,diario di viaggio bucket list / 100 posti da vedere compilabile,Media,Bassa,🟢,esiste solo la guida tradizionale Mille Luoghi da Vedere nella Vita (adattamento 1000 Places to See) non un diario interattivo da compilare nessun equivalente KDP trovato
2026-10-02,viaggi,EN,travel bucket list journal,Alta,Alta,🔴,categoria presidiata da editori reali (Rizzoli The Bucket List Journal di Kath Stathers Peter Pauper Press My Bucket List Lonely Planet's Travel Journals)
2026-10-02,viaggi,IT,diario di viaggio zaino in spalla / backpacker,Bassa/Media,Bassa,🟡,termine backpacking poco diffuso come categoria libro in IT risultati dominati da guide su zaini fisici non diari da compilare domanda da validare
2026-10-02,viaggi,EN,backpacking travel journal,Media,Media,🟡,alcuni titoli dedicati ma non iper-saturi (Miles Mountains & Memories Wilderness Explorer: A Backpacking and Hiking Journal The Camper's Journal) nicchia presidiata ma non matura come bucket list generico
2026-10-03,narrativa romance,IT,romantasy italiano (traduzioni bestseller),Alta,Media/Alta,🟡,genere già tracciato e popolato in IT quasi solo da traduzioni (Rebecca Yarros Lexi Ryan) categoria dedicata anche su Mondadori Store spazio per produzione nativa non confermato come libero
2026-10-03,narrativa romance,EN,romantasy books,Alta,Alta,🔴,mega-categoria matura dal 2023 (Fourth Wing ACOTAR Shield of Sparrows) decine di bestseller affermati
2026-10-03,narrativa romance,IT,dark academia romance italiano,Media,Media,🟡,genere citato nella stampa libraria italiana e alcune traduzioni in circolazione (Nightshade/Daybreak Serpent & the Scholar) pochi riscontri di titoli italiani nativi dedicati da validare meglio
2026-10-03,narrativa romance,EN,dark academia romance books,Alta,Alta,🔴,genere in piena "renaissance" con piu serie affermate (A Deadly Education Legendborn Gothikana) categoria matura
2026-10-03,narrativa fantasy,IT,litrpg fantasy italiano autori nativi,Media,Bassa,🟢,interesse mediatico in crescita (Il Post Internazionale su Dungeon Crawler Carl 2025-26) ma pochissimi autori italiani nativi nel genere editor di settore segnalano scarsita e proposte derivative titoli IT esistenti quasi solo traduzioni di web novel (Cacciatore Notturno Meccanico) non produzione originale
2026-10-03,narrativa fantasy,EN,litrpg fantasy books,Alta,Alta,🔴,mega-genere maturo oltre mille titoli su Amazon ~90% self-pub serie affermate (Dungeon Crawler Carl The Land He Who Fights with Monsters)
2026-10-03,narrativa fantasy,IT,fiabe reinterpretate / fantasy retelling italiano,Media,Media/Alta,🔴,genere gia presidiato in IT anche da traduzioni di autori affermati (Alix E. Harrow) e serie dedicate (C'era una volta un mondo Storie dai Regni)
2026-10-03,narrativa fantasy,EN,fairy tale retelling fantasy books,Alta,Alta,🔴,genere storicamente maturo e affollatissimo decine di serie e autori affermati (Marissa Meyer Sarah Pinborough)
2026-10-03,scuola e compiti,IT,quaderno compiti vacanze estive recupero,Alta,Alta,🔴,categoria tradizionale fortemente presidiata in Italia da editori scolastici consolidati (Erickson Raffaello Giunti) con decenni di prodotti dedicati difficile per l'indie KDP competere
2026-10-03,scuola e compiti,EN,summer bridge workbook grade,Alta,Alta,🔴,categoria dominata da un editore consolidato (Carson Dellosa "Summer Bridge Activities" leader di mercato da 25+ anni) nicchia matura
2026-10-03,scuola e compiti,IT,agenda planner universitario studenti compilabile,Bassa/Media,n/d,🟡,nessun riscontro diretto di prodotto KDP dedicato trovato nelle fonti pubbliche consultate (solo planner generici da cartoleria non specifici per universitari) dato insufficiente da validare manualmente su amazon.it
2026-10-03,scuola e compiti,EN,college student planner undated weekly,Media,Alta,🔴,mercato presidiato da publisher/distributori scolastici consolidati (Hammond & Stephens Roaring Spring) con prodotti dedicati da tempo
2026-10-04,ricette e cucina,IT,ricette ad alto contenuto proteico per palestra/dimagrimento,Alta,Media,🟡,pochi KDP puri individuati risultati dominati da editoria tradizionale e brand integratori (MyProtein Tecniche Nuove) trend fortissimo da validare meglio lato KDP
2026-10-04,ricette e cucina,EN,high protein meal prep cookbook,Alta,Alta,🔴,categoria matura con big publisher e autori affermati (America's Test Kitchen Skinnytaste Cassy Joy Garcia)
2026-10-04,ricette e cucina,IT,ricette svezzamento neonato baby led weaning,Media,Media,🟡,alcuni titoli nativi recenti (Baby Ricette nov 2025 pediatra+nutrizionista) nicchia gia presidiata non vergine
2026-10-04,ricette e cucina,EN,baby led weaning cookbook,Alta,Alta,🔴,autori affermati e istituzionali (Annabel Karmel Gill Rapley) categoria matura
2026-10-04,rimedi naturali e salute,IT,rimedi naturali per la pressione alta/ipertensione,Alta,Alta,🔴,titoli editoriali consolidati incl collaborazione chef Heinz Beck e contenuti Societa Italiana Ipertensione
2026-10-04,rimedi naturali e salute,EN,natural remedies for high blood pressure,Alta,Alta,🔴,numerosi titoli KDP e tradizionali gia attivi (Melody Ambers Margaret Schmitt David DeRose)
2026-10-04,rimedi naturali e salute,IT,rimedi naturali raffreddore e influenza per bambini,Media,Media,🟡,pochi libri dedicati specificamente ai bambini perlopiu guide omeopatia generiche per adulti
2026-10-04,rimedi naturali e salute,EN,natural remedies cold and flu for kids,Media,Alta,🔴,autori affermati (Julian Scott Karen Sullivan Barbara Howard) nicchia gia presidiata
2026-10-04,planner e agende,IT,planner/diario menopausa sintomi e benessere,Media/Alta,Bassa,🟢,nessun libro/planner dedicato trovato su amazon.it solo app a pagamento (Menovia Harmony Diet) e un diario umoristico non-tracker gap netto rispetto a EN
2026-10-04,planner e agende,EN,menopause symptom tracker / menopause journal,Alta,Media,🟡,diversi titoli KDP e un editore reale (Chronicle Books F*ck Menopause; Aimee Benbow tracker 90 giorni) nicchia in crescita ma non iper-satura
2026-10-04,planner e agende,IT,diario primo anno bambino per neo-genitori,Alta,Alta,🔴,categoria baby-book consolidata con prodotti editoriali e da regalo gia affermati (Mintkind Rundfux Macrolibrarsi)
2026-10-04,planner e agende,EN,new parent planner / baby's first year journal,Alta,Alta,🔴,autrice affermata (Annabel Karmel) e piu titoli consolidati categoria matura
